--
-- PostgreSQL database dump
--

\restrict eiHqBmvabSVbaxw69fZTt88dl9haZbZLczdBmwW2QYB9bhDmHCrXZHnHokVMlLO

-- Dumped from database version 16.14 (Ubuntu 16.14-0ubuntu0.24.04.1)
-- Dumped by pg_dump version 16.14 (Ubuntu 16.14-0ubuntu0.24.04.1)

SET statement_timeout = 0;
SET lock_timeout = 0;
SET idle_in_transaction_session_timeout = 0;
SET client_encoding = 'UTF8';
SET standard_conforming_strings = on;
SELECT pg_catalog.set_config('search_path', '', false);
SET check_function_bodies = false;
SET xmloption = content;
SET client_min_messages = warning;
SET row_security = off;

SET default_tablespace = '';

SET default_table_access_method = heap;

--
-- Name: auth_group; Type: TABLE; Schema: public; Owner: dom974
--

CREATE TABLE public.auth_group (
    id integer NOT NULL,
    name character varying(150) NOT NULL
);


ALTER TABLE public.auth_group OWNER TO dom974;

--
-- Name: auth_group_id_seq; Type: SEQUENCE; Schema: public; Owner: dom974
--

ALTER TABLE public.auth_group ALTER COLUMN id ADD GENERATED BY DEFAULT AS IDENTITY (
    SEQUENCE NAME public.auth_group_id_seq
    START WITH 1
    INCREMENT BY 1
    NO MINVALUE
    NO MAXVALUE
    CACHE 1
);


--
-- Name: auth_group_permissions; Type: TABLE; Schema: public; Owner: dom974
--

CREATE TABLE public.auth_group_permissions (
    id integer NOT NULL,
    group_id integer NOT NULL,
    permission_id integer NOT NULL
);


ALTER TABLE public.auth_group_permissions OWNER TO dom974;

--
-- Name: auth_group_permissions_id_seq; Type: SEQUENCE; Schema: public; Owner: dom974
--

ALTER TABLE public.auth_group_permissions ALTER COLUMN id ADD GENERATED BY DEFAULT AS IDENTITY (
    SEQUENCE NAME public.auth_group_permissions_id_seq
    START WITH 1
    INCREMENT BY 1
    NO MINVALUE
    NO MAXVALUE
    CACHE 1
);


--
-- Name: auth_permission; Type: TABLE; Schema: public; Owner: dom974
--

CREATE TABLE public.auth_permission (
    id integer NOT NULL,
    name character varying(255) NOT NULL,
    content_type_id integer NOT NULL,
    codename character varying(100) NOT NULL
);


ALTER TABLE public.auth_permission OWNER TO dom974;

--
-- Name: auth_permission_id_seq; Type: SEQUENCE; Schema: public; Owner: dom974
--

ALTER TABLE public.auth_permission ALTER COLUMN id ADD GENERATED BY DEFAULT AS IDENTITY (
    SEQUENCE NAME public.auth_permission_id_seq
    START WITH 1
    INCREMENT BY 1
    NO MINVALUE
    NO MAXVALUE
    CACHE 1
);


--
-- Name: auth_user; Type: TABLE; Schema: public; Owner: dom974
--

CREATE TABLE public.auth_user (
    id integer NOT NULL,
    password character varying(128) NOT NULL,
    last_login timestamp with time zone,
    is_superuser boolean NOT NULL,
    username character varying(150) NOT NULL,
    first_name character varying(150) NOT NULL,
    last_name character varying(150) NOT NULL,
    email character varying(254) NOT NULL,
    is_staff boolean NOT NULL,
    is_active boolean NOT NULL,
    date_joined timestamp with time zone NOT NULL
);


ALTER TABLE public.auth_user OWNER TO dom974;

--
-- Name: auth_user_groups; Type: TABLE; Schema: public; Owner: dom974
--

CREATE TABLE public.auth_user_groups (
    id integer NOT NULL,
    user_id integer NOT NULL,
    group_id integer NOT NULL
);


ALTER TABLE public.auth_user_groups OWNER TO dom974;

--
-- Name: auth_user_groups_id_seq; Type: SEQUENCE; Schema: public; Owner: dom974
--

ALTER TABLE public.auth_user_groups ALTER COLUMN id ADD GENERATED BY DEFAULT AS IDENTITY (
    SEQUENCE NAME public.auth_user_groups_id_seq
    START WITH 1
    INCREMENT BY 1
    NO MINVALUE
    NO MAXVALUE
    CACHE 1
);


--
-- Name: auth_user_id_seq; Type: SEQUENCE; Schema: public; Owner: dom974
--

ALTER TABLE public.auth_user ALTER COLUMN id ADD GENERATED BY DEFAULT AS IDENTITY (
    SEQUENCE NAME public.auth_user_id_seq
    START WITH 1
    INCREMENT BY 1
    NO MINVALUE
    NO MAXVALUE
    CACHE 1
);


--
-- Name: auth_user_user_permissions; Type: TABLE; Schema: public; Owner: dom974
--

CREATE TABLE public.auth_user_user_permissions (
    id integer NOT NULL,
    user_id integer NOT NULL,
    permission_id integer NOT NULL
);


ALTER TABLE public.auth_user_user_permissions OWNER TO dom974;

--
-- Name: auth_user_user_permissions_id_seq; Type: SEQUENCE; Schema: public; Owner: dom974
--

ALTER TABLE public.auth_user_user_permissions ALTER COLUMN id ADD GENERATED BY DEFAULT AS IDENTITY (
    SEQUENCE NAME public.auth_user_user_permissions_id_seq
    START WITH 1
    INCREMENT BY 1
    NO MINVALUE
    NO MAXVALUE
    CACHE 1
);


--
-- Name: core_comment; Type: TABLE; Schema: public; Owner: dom974
--

CREATE TABLE public.core_comment (
    body character varying(500) NOT NULL,
    created timestamp with time zone NOT NULL,
    id uuid NOT NULL,
    author_id integer,
    event_id bigint NOT NULL
);


ALTER TABLE public.core_comment OWNER TO dom974;

--
-- Name: core_commentvote; Type: TABLE; Schema: public; Owner: dom974
--

CREATE TABLE public.core_commentvote (
    id bigint NOT NULL,
    vote character varying(10) NOT NULL,
    comment_id uuid NOT NULL,
    user_id integer NOT NULL
);


ALTER TABLE public.core_commentvote OWNER TO dom974;

--
-- Name: core_commentvote_id_seq; Type: SEQUENCE; Schema: public; Owner: dom974
--

ALTER TABLE public.core_commentvote ALTER COLUMN id ADD GENERATED BY DEFAULT AS IDENTITY (
    SEQUENCE NAME public.core_commentvote_id_seq
    START WITH 1
    INCREMENT BY 1
    NO MINVALUE
    NO MAXVALUE
    CACHE 1
);


--
-- Name: core_competition; Type: TABLE; Schema: public; Owner: dom974
--

CREATE TABLE public.core_competition (
    id bigint NOT NULL,
    league character varying(255) NOT NULL,
    name character varying(255) NOT NULL,
    date date NOT NULL,
    banner character varying(255) NOT NULL,
    badge character varying(255)
);


ALTER TABLE public.core_competition OWNER TO dom974;

--
-- Name: core_competition_id_seq; Type: SEQUENCE; Schema: public; Owner: dom974
--

ALTER TABLE public.core_competition ALTER COLUMN id ADD GENERATED BY DEFAULT AS IDENTITY (
    SEQUENCE NAME public.core_competition_id_seq
    START WITH 1
    INCREMENT BY 1
    NO MINVALUE
    NO MAXVALUE
    CACHE 1
);


--
-- Name: core_event; Type: TABLE; Schema: public; Owner: dom974
--

CREATE TABLE public.core_event (
    id bigint NOT NULL,
    event_type character varying(50) NOT NULL,
    date_time timestamp with time zone NOT NULL,
    "idEvent" character varying(255) NOT NULL,
    video_id character varying(255),
    is_finished boolean,
    poster character varying(255) NOT NULL,
    ai_review text,
    ai_rating character varying(255) NOT NULL,
    event_list_id bigint NOT NULL
);


ALTER TABLE public.core_event OWNER TO dom974;

--
-- Name: core_event_id_seq; Type: SEQUENCE; Schema: public; Owner: dom974
--

ALTER TABLE public.core_event ALTER COLUMN id ADD GENERATED BY DEFAULT AS IDENTITY (
    SEQUENCE NAME public.core_event_id_seq
    START WITH 1
    INCREMENT BY 1
    NO MINVALUE
    NO MAXVALUE
    CACHE 1
);


--
-- Name: core_rating; Type: TABLE; Schema: public; Owner: dom974
--

CREATE TABLE public.core_rating (
    id bigint NOT NULL,
    five_stars integer NOT NULL,
    four_stars integer NOT NULL,
    three_stars integer NOT NULL,
    two_stars integer NOT NULL,
    one_star integer NOT NULL,
    percentage double precision NOT NULL,
    likes integer NOT NULL,
    dislikes integer NOT NULL,
    event_id bigint NOT NULL
);


ALTER TABLE public.core_rating OWNER TO dom974;

--
-- Name: core_rating_id_seq; Type: SEQUENCE; Schema: public; Owner: dom974
--

ALTER TABLE public.core_rating ALTER COLUMN id ADD GENERATED BY DEFAULT AS IDENTITY (
    SEQUENCE NAME public.core_rating_id_seq
    START WITH 1
    INCREMENT BY 1
    NO MINVALUE
    NO MAXVALUE
    CACHE 1
);


--
-- Name: core_rating_voters; Type: TABLE; Schema: public; Owner: dom974
--

CREATE TABLE public.core_rating_voters (
    id integer NOT NULL,
    rating_id bigint NOT NULL,
    user_id integer NOT NULL
);


ALTER TABLE public.core_rating_voters OWNER TO dom974;

--
-- Name: core_rating_voters_id_seq; Type: SEQUENCE; Schema: public; Owner: dom974
--

ALTER TABLE public.core_rating_voters ALTER COLUMN id ADD GENERATED BY DEFAULT AS IDENTITY (
    SEQUENCE NAME public.core_rating_voters_id_seq
    START WITH 1
    INCREMENT BY 1
    NO MINVALUE
    NO MAXVALUE
    CACHE 1
);


--
-- Name: core_reply; Type: TABLE; Schema: public; Owner: dom974
--

CREATE TABLE public.core_reply (
    body character varying(500) NOT NULL,
    created timestamp with time zone NOT NULL,
    id uuid NOT NULL,
    author_id integer,
    comment_id uuid NOT NULL
);


ALTER TABLE public.core_reply OWNER TO dom974;

--
-- Name: django_admin_log; Type: TABLE; Schema: public; Owner: dom974
--

CREATE TABLE public.django_admin_log (
    id integer NOT NULL,
    action_time timestamp with time zone NOT NULL,
    object_id text,
    object_repr character varying(200) NOT NULL,
    action_flag smallint NOT NULL,
    change_message text NOT NULL,
    content_type_id integer,
    user_id integer NOT NULL,
    CONSTRAINT django_admin_log_action_flag_check CHECK ((action_flag >= 0))
);


ALTER TABLE public.django_admin_log OWNER TO dom974;

--
-- Name: django_admin_log_id_seq; Type: SEQUENCE; Schema: public; Owner: dom974
--

ALTER TABLE public.django_admin_log ALTER COLUMN id ADD GENERATED BY DEFAULT AS IDENTITY (
    SEQUENCE NAME public.django_admin_log_id_seq
    START WITH 1
    INCREMENT BY 1
    NO MINVALUE
    NO MAXVALUE
    CACHE 1
);


--
-- Name: django_content_type; Type: TABLE; Schema: public; Owner: dom974
--

CREATE TABLE public.django_content_type (
    id integer NOT NULL,
    app_label character varying(100) NOT NULL,
    model character varying(100) NOT NULL
);


ALTER TABLE public.django_content_type OWNER TO dom974;

--
-- Name: django_content_type_id_seq; Type: SEQUENCE; Schema: public; Owner: dom974
--

ALTER TABLE public.django_content_type ALTER COLUMN id ADD GENERATED BY DEFAULT AS IDENTITY (
    SEQUENCE NAME public.django_content_type_id_seq
    START WITH 1
    INCREMENT BY 1
    NO MINVALUE
    NO MAXVALUE
    CACHE 1
);


--
-- Name: django_migrations; Type: TABLE; Schema: public; Owner: dom974
--

CREATE TABLE public.django_migrations (
    id integer NOT NULL,
    app character varying(255) NOT NULL,
    name character varying(255) NOT NULL,
    applied timestamp with time zone NOT NULL
);


ALTER TABLE public.django_migrations OWNER TO dom974;

--
-- Name: django_migrations_id_seq; Type: SEQUENCE; Schema: public; Owner: dom974
--

ALTER TABLE public.django_migrations ALTER COLUMN id ADD GENERATED BY DEFAULT AS IDENTITY (
    SEQUENCE NAME public.django_migrations_id_seq
    START WITH 1
    INCREMENT BY 1
    NO MINVALUE
    NO MAXVALUE
    CACHE 1
);


--
-- Name: django_session; Type: TABLE; Schema: public; Owner: dom974
--

CREATE TABLE public.django_session (
    session_key character varying(40) NOT NULL,
    session_data text NOT NULL,
    expire_date timestamp with time zone NOT NULL
);


ALTER TABLE public.django_session OWNER TO dom974;

--
-- Name: django_site; Type: TABLE; Schema: public; Owner: dom974
--

CREATE TABLE public.django_site (
    id integer NOT NULL,
    domain character varying(100) NOT NULL,
    name character varying(50) NOT NULL
);


ALTER TABLE public.django_site OWNER TO dom974;

--
-- Name: django_site_id_seq; Type: SEQUENCE; Schema: public; Owner: dom974
--

ALTER TABLE public.django_site ALTER COLUMN id ADD GENERATED BY DEFAULT AS IDENTITY (
    SEQUENCE NAME public.django_site_id_seq
    START WITH 1
    INCREMENT BY 1
    NO MINVALUE
    NO MAXVALUE
    CACHE 1
);


--
-- Data for Name: auth_group; Type: TABLE DATA; Schema: public; Owner: dom974
--

COPY public.auth_group (id, name) FROM stdin;
\.


--
-- Data for Name: auth_group_permissions; Type: TABLE DATA; Schema: public; Owner: dom974
--

COPY public.auth_group_permissions (id, group_id, permission_id) FROM stdin;
\.


--
-- Data for Name: auth_permission; Type: TABLE DATA; Schema: public; Owner: dom974
--

COPY public.auth_permission (id, name, content_type_id, codename) FROM stdin;
1	Can add log entry	1	add_logentry
2	Can change log entry	1	change_logentry
3	Can delete log entry	1	delete_logentry
4	Can view log entry	1	view_logentry
5	Can add permission	2	add_permission
6	Can change permission	2	change_permission
7	Can delete permission	2	delete_permission
8	Can view permission	2	view_permission
9	Can add group	3	add_group
10	Can change group	3	change_group
11	Can delete group	3	delete_group
12	Can view group	3	view_group
13	Can add user	4	add_user
14	Can change user	4	change_user
15	Can delete user	4	delete_user
16	Can view user	4	view_user
17	Can add content type	5	add_contenttype
18	Can change content type	5	change_contenttype
19	Can delete content type	5	delete_contenttype
20	Can view content type	5	view_contenttype
21	Can add session	6	add_session
22	Can change session	6	change_session
23	Can delete session	6	delete_session
24	Can view session	6	view_session
25	Can add site	7	add_site
26	Can change site	7	change_site
27	Can delete site	7	delete_site
28	Can view site	7	view_site
29	Can add competition	8	add_competition
30	Can change competition	8	change_competition
31	Can delete competition	8	delete_competition
32	Can view competition	8	view_competition
33	Can add event	9	add_event
34	Can change event	9	change_event
35	Can delete event	9	delete_event
36	Can view event	9	view_event
37	Can add comment	10	add_comment
38	Can change comment	10	change_comment
39	Can delete comment	10	delete_comment
40	Can view comment	10	view_comment
41	Can add rating	11	add_rating
42	Can change rating	11	change_rating
43	Can delete rating	11	delete_rating
44	Can view rating	11	view_rating
45	Can add reply	12	add_reply
46	Can change reply	12	change_reply
47	Can delete reply	12	delete_reply
48	Can view reply	12	view_reply
49	Can add comment vote	13	add_commentvote
50	Can change comment vote	13	change_commentvote
51	Can delete comment vote	13	delete_commentvote
52	Can view comment vote	13	view_commentvote
\.


--
-- Data for Name: auth_user; Type: TABLE DATA; Schema: public; Owner: dom974
--

COPY public.auth_user (id, password, last_login, is_superuser, username, first_name, last_name, email, is_staff, is_active, date_joined) FROM stdin;
1	pbkdf2_sha256$870000$qPjIC2rMF0ckdFQMrQwd5u$vKjuh1RoJpZmds0Ijf5/b/nQ8Va5JYTYhBtPDA7JhpU=	2026-06-19 10:54:42.032539+07	t	admin				t	t	2026-06-17 12:29:09.855348+07
2	pbkdf2_sha256$870000$5BzQwbczSXHUqNMt7uNL9o$g9mbotQm/MAr3ssQ4qxQl9ZQ1/7wOIbCtjqCit+YnX0=	2026-06-19 10:55:20.141816+07	f	Happy			happymunkeestudio@gmail.com	f	t	2026-06-19 10:54:00+07
\.


--
-- Data for Name: auth_user_groups; Type: TABLE DATA; Schema: public; Owner: dom974
--

COPY public.auth_user_groups (id, user_id, group_id) FROM stdin;
\.


--
-- Data for Name: auth_user_user_permissions; Type: TABLE DATA; Schema: public; Owner: dom974
--

COPY public.auth_user_user_permissions (id, user_id, permission_id) FROM stdin;
\.


--
-- Data for Name: core_comment; Type: TABLE DATA; Schema: public; Owner: dom974
--

COPY public.core_comment (body, created, id, author_id, event_id) FROM stdin;
Amazing race!! Best of the year	2026-06-17 12:43:55.698882+07	f9499a88-30b1-48f3-84ce-d8440f494117	1	63
Nice	2026-06-19 10:56:25.062081+07	d30631ba-602b-4b0d-aa8d-509c879ea516	1	275
\.


--
-- Data for Name: core_commentvote; Type: TABLE DATA; Schema: public; Owner: dom974
--

COPY public.core_commentvote (id, vote, comment_id, user_id) FROM stdin;
\.


--
-- Data for Name: core_competition; Type: TABLE DATA; Schema: public; Owner: dom974
--

COPY public.core_competition (id, league, name, date, banner, badge) FROM stdin;
163	FIFA World Cup	Thu 11 Jun	2026-06-11	https://r2.thesportsdb.com/images/media/league/banner/vyyxxp1424009412.jpg	https://r2.thesportsdb.com/images/media/league/badge/e7er5g1696521789.png
164	FIFA World Cup	Fri 12 Jun	2026-06-12	https://r2.thesportsdb.com/images/media/league/banner/vyyxxp1424009412.jpg	https://r2.thesportsdb.com/images/media/league/badge/e7er5g1696521789.png
165	FIFA World Cup	Sat 13 Jun	2026-06-13	https://r2.thesportsdb.com/images/media/league/banner/vyyxxp1424009412.jpg	https://r2.thesportsdb.com/images/media/league/badge/e7er5g1696521789.png
166	FIFA World Cup	Sun 14 Jun	2026-06-14	https://r2.thesportsdb.com/images/media/league/banner/vyyxxp1424009412.jpg	https://r2.thesportsdb.com/images/media/league/badge/e7er5g1696521789.png
167	FIFA World Cup	Mon 15 Jun	2026-06-15	https://r2.thesportsdb.com/images/media/league/banner/vyyxxp1424009412.jpg	https://r2.thesportsdb.com/images/media/league/badge/e7er5g1696521789.png
168	FIFA World Cup	Tue 16 Jun	2026-06-16	https://r2.thesportsdb.com/images/media/league/banner/vyyxxp1424009412.jpg	https://r2.thesportsdb.com/images/media/league/badge/e7er5g1696521789.png
169	FIFA World Cup	Wed 17 Jun	2026-06-17	https://r2.thesportsdb.com/images/media/league/banner/vyyxxp1424009412.jpg	https://r2.thesportsdb.com/images/media/league/badge/e7er5g1696521789.png
170	FIFA World Cup	Thu 18 Jun	2026-06-18	https://r2.thesportsdb.com/images/media/league/banner/vyyxxp1424009412.jpg	https://r2.thesportsdb.com/images/media/league/badge/e7er5g1696521789.png
171	FIFA World Cup	Fri 19 Jun	2026-06-19	https://r2.thesportsdb.com/images/media/league/banner/vyyxxp1424009412.jpg	https://r2.thesportsdb.com/images/media/league/badge/e7er5g1696521789.png
172	FIFA World Cup	Sat 20 Jun	2026-06-20	https://r2.thesportsdb.com/images/media/league/banner/vyyxxp1424009412.jpg	https://r2.thesportsdb.com/images/media/league/badge/e7er5g1696521789.png
173	FIFA World Cup	Sun 21 Jun	2026-06-21	https://r2.thesportsdb.com/images/media/league/banner/vyyxxp1424009412.jpg	https://r2.thesportsdb.com/images/media/league/badge/e7er5g1696521789.png
174	FIFA World Cup	Mon 22 Jun	2026-06-22	https://r2.thesportsdb.com/images/media/league/banner/vyyxxp1424009412.jpg	https://r2.thesportsdb.com/images/media/league/badge/e7er5g1696521789.png
175	FIFA World Cup	Tue 23 Jun	2026-06-23	https://r2.thesportsdb.com/images/media/league/banner/vyyxxp1424009412.jpg	https://r2.thesportsdb.com/images/media/league/badge/e7er5g1696521789.png
176	FIFA World Cup	Wed 24 Jun	2026-06-24	https://r2.thesportsdb.com/images/media/league/banner/vyyxxp1424009412.jpg	https://r2.thesportsdb.com/images/media/league/badge/e7er5g1696521789.png
34	Formula 1	Dutch Grand Prix	2026-08-23	https://r2.thesportsdb.com/images/media/event/banner/c1iwkh1774920445.jpg	https://r2.thesportsdb.com/images/media/league/badge/g8cofl1513623681.png
35	Formula 1	Italian Grand Prix	2026-09-06	https://r2.thesportsdb.com/images/media/event/banner/01hz9a1774920494.jpg	https://r2.thesportsdb.com/images/media/league/badge/g8cofl1513623681.png
36	Formula 1	Spanish Grand Prix	2026-09-13	https://r2.thesportsdb.com/images/media/event/banner/4x4h6i1774920547.jpg	https://r2.thesportsdb.com/images/media/league/badge/g8cofl1513623681.png
37	Formula 1	Azerbaijan Grand Prix	2026-09-26	https://r2.thesportsdb.com/images/media/event/banner/9bj9sw1774920597.jpg	https://r2.thesportsdb.com/images/media/league/badge/g8cofl1513623681.png
38	Formula 1	Singapore Grand Prix	2026-10-11	https://r2.thesportsdb.com/images/media/event/banner/uvf6hp1774920651.jpg	https://r2.thesportsdb.com/images/media/league/badge/g8cofl1513623681.png
39	Formula 1	United States Grand Prix	2026-10-25	https://r2.thesportsdb.com/images/media/event/banner/ezgmqx1774920701.jpg	https://r2.thesportsdb.com/images/media/league/badge/g8cofl1513623681.png
40	Formula 1	Mexico City Grand Prix	2026-11-01	https://r2.thesportsdb.com/images/media/event/banner/d7apd81774920754.jpg	https://r2.thesportsdb.com/images/media/league/badge/g8cofl1513623681.png
41	Formula 1	São Paulo Grand Prix	2026-11-08	https://r2.thesportsdb.com/images/media/event/banner/vbmfkr1774920804.jpg	https://r2.thesportsdb.com/images/media/league/badge/g8cofl1513623681.png
42	Formula 1	Las Vegas Grand Prix	2026-11-22	https://r2.thesportsdb.com/images/media/event/banner/emrl9x1774920858.jpg	https://r2.thesportsdb.com/images/media/league/badge/g8cofl1513623681.png
43	Formula 1	Qatar Grand Prix	2026-11-29	https://r2.thesportsdb.com/images/media/event/banner/g0v9z81774920908.jpg	https://r2.thesportsdb.com/images/media/league/badge/g8cofl1513623681.png
44	Formula 1	Abu Dhabi Grand Prix	2026-12-06	https://r2.thesportsdb.com/images/media/event/banner/v1k4c21774920958.jpg	https://r2.thesportsdb.com/images/media/league/badge/g8cofl1513623681.png
28	Formula 1	Monaco Grand Prix	2026-06-07	https://r2.thesportsdb.com/images/media/event/banner/lo5pbl1774920142.jpg	https://r2.thesportsdb.com/images/media/league/badge/g8cofl1513623681.png
29	Formula 1	Barcelona-Catalunya Grand Prix	2026-06-14	https://r2.thesportsdb.com/images/media/event/banner/hu0z3p1774920193.jpg	https://r2.thesportsdb.com/images/media/league/badge/g8cofl1513623681.png
30	Formula 1	Austrian Grand Prix	2026-06-28	https://r2.thesportsdb.com/images/media/event/banner/zes7j31774920243.jpg	https://r2.thesportsdb.com/images/media/league/badge/g8cofl1513623681.png
31	Formula 1	British Grand Prix	2026-07-05	https://r2.thesportsdb.com/images/media/event/banner/7mtn151774920294.jpg	https://r2.thesportsdb.com/images/media/league/badge/g8cofl1513623681.png
32	Formula 1	Belgian Grand Prix	2026-07-19	https://r2.thesportsdb.com/images/media/event/banner/uq6a2q1774920344.jpg	https://r2.thesportsdb.com/images/media/league/badge/g8cofl1513623681.png
33	Formula 1	Hungarian Grand Prix	2026-07-26	https://r2.thesportsdb.com/images/media/event/banner/is7ve51774920395.jpg	https://r2.thesportsdb.com/images/media/league/badge/g8cofl1513623681.png
177	FIFA World Cup	Thu 25 Jun	2026-06-25	https://r2.thesportsdb.com/images/media/league/banner/vyyxxp1424009412.jpg	https://r2.thesportsdb.com/images/media/league/badge/e7er5g1696521789.png
178	FIFA World Cup	Fri 26 Jun	2026-06-26	https://r2.thesportsdb.com/images/media/league/banner/vyyxxp1424009412.jpg	https://r2.thesportsdb.com/images/media/league/badge/e7er5g1696521789.png
179	FIFA World Cup	Sat 27 Jun	2026-06-27	https://r2.thesportsdb.com/images/media/league/banner/vyyxxp1424009412.jpg	https://r2.thesportsdb.com/images/media/league/badge/e7er5g1696521789.png
180	FIFA World Cup	Sun 28 Jun	2026-06-28	https://r2.thesportsdb.com/images/media/league/banner/vyyxxp1424009412.jpg	https://r2.thesportsdb.com/images/media/league/badge/e7er5g1696521789.png
134	MotoGP	Hungary GP	2026-06-07	https://r2.thesportsdb.com/images/media/event/banner/81qifs1759507805.jpg	https://r2.thesportsdb.com/images/media/league/badge/gg3c201768486075.png
136	MotoGP	Czechia GP	2026-06-21	https://r2.thesportsdb.com/images/media/event/banner/j0axtf1759507901.jpg	https://r2.thesportsdb.com/images/media/league/badge/gg3c201768486075.png
138	MotoGP	Netherlands GP	2026-06-28	https://r2.thesportsdb.com/images/media/event/banner/02z5f71759508270.jpg	https://r2.thesportsdb.com/images/media/league/badge/gg3c201768486075.png
140	MotoGP	Germany  GP	2026-07-12	https://r2.thesportsdb.com/images/media/league/banner/qrxpqu1441138872.jpg	https://r2.thesportsdb.com/images/media/league/badge/gg3c201768486075.png
142	MotoGP	Great Britain GP	2026-08-09	https://r2.thesportsdb.com/images/media/event/banner/xh5ug11759845013.jpg	https://r2.thesportsdb.com/images/media/league/badge/gg3c201768486075.png
144	MotoGP	Aragón GP	2026-08-30	https://r2.thesportsdb.com/images/media/event/banner/7hqdse1759845201.jpg	https://r2.thesportsdb.com/images/media/league/badge/gg3c201768486075.png
146	MotoGP	San Marino GP	2026-09-13	https://r2.thesportsdb.com/images/media/event/banner/qfgq9k1759845535.jpg	https://r2.thesportsdb.com/images/media/league/badge/gg3c201768486075.png
148	MotoGP	Austria GP	2026-09-20	https://r2.thesportsdb.com/images/media/event/banner/qbmst31759845746.jpg	https://r2.thesportsdb.com/images/media/league/badge/gg3c201768486075.png
150	MotoGP	Japan GP	2026-10-04	https://r2.thesportsdb.com/images/media/event/banner/urg5891759847727.jpg	https://r2.thesportsdb.com/images/media/league/badge/gg3c201768486075.png
152	MotoGP	Indonesia GP	2026-10-11	https://r2.thesportsdb.com/images/media/event/banner/szsx7g1759847877.jpg	https://r2.thesportsdb.com/images/media/league/badge/gg3c201768486075.png
154	MotoGP	Australia GP	2026-10-25	https://r2.thesportsdb.com/images/media/event/banner/uvz6cm1759848054.jpg	https://r2.thesportsdb.com/images/media/league/badge/gg3c201768486075.png
156	MotoGP	Malaysia GP	2026-11-01	https://r2.thesportsdb.com/images/media/event/banner/m4pnbs1759848273.jpg	https://r2.thesportsdb.com/images/media/league/badge/gg3c201768486075.png
158	MotoGP	Qatar GP	2026-11-08	https://r2.thesportsdb.com/images/media/event/banner/otk61w1759505017.jpg	https://r2.thesportsdb.com/images/media/league/badge/gg3c201768486075.png
160	MotoGP	Portugal GP	2026-11-15	https://r2.thesportsdb.com/images/media/event/banner/jycowi1759848437.jpg	https://r2.thesportsdb.com/images/media/league/badge/gg3c201768486075.png
162	MotoGP	Valencia GP	2026-11-22	https://r2.thesportsdb.com/images/media/event/banner/6eg0711759848564.jpg	https://r2.thesportsdb.com/images/media/league/badge/gg3c201768486075.png
\.


--
-- Data for Name: core_event; Type: TABLE DATA; Schema: public; Owner: dom974
--

COPY public.core_event (id, event_type, date_time, "idEvent", video_id, is_finished, poster, ai_review, ai_rating, event_list_id) FROM stdin;
259	South Korea vs Czech Republic	2026-06-12 09:00:00+07	2461103	https://www.youtube.com/watch?v=6k18EJY8zIc	f	https://r2.thesportsdb.com/images/media/event/thumb/7ogw2s1775058371.jpg			164
260	Canada vs Bosnia-Herzegovina	2026-06-13 02:00:00+07	2461104	https://www.youtube.com/watch?v=w-_rY5morQY	f	https://r2.thesportsdb.com/images/media/event/thumb/nsv3mc1775058372.jpg			164
261	USA vs Paraguay	2026-06-13 08:00:00+07	2391729	https://www.youtube.com/watch?v=0PVo3bk-TMk	f	https://www.thesportsdb.com/images/media/event/thumb/85q3wy1781599997.jpg			165
262	Brazil vs Morocco	2026-06-14 05:00:00+07	2391730	https://www.youtube.com/watch?v=ECnK7UzAjIs	f	https://r2.thesportsdb.com/images/media/event/thumb/mau34u1775058318.jpg			165
263	Qatar vs Switzerland	2026-06-14 02:00:00+07	2391732	https://www.youtube.com/watch?v=KVz43-eddIQ	f	https://www.thesportsdb.com/images/media/event/thumb/lyg37t1781599998.jpg			165
264	Haiti vs Scotland	2026-06-14 08:00:00+07	2391731	https://www.youtube.com/watch?v=TcCufmPCsu4	f	https://r2.thesportsdb.com/images/media/event/thumb/24pszh1775058320.jpg			166
265	Germany vs Curaçao	2026-06-15 00:00:00+07	2391733	https://www.youtube.com/watch?v=B6-Z5ul2ccQ	f	https://r2.thesportsdb.com/images/media/event/thumb/c58bxh1775058322.jpg			166
266	Ivory Coast vs Ecuador	2026-06-15 06:00:00+07	2391734	https://www.youtube.com/watch?v=84xvEwRc0iQ	f	https://r2.thesportsdb.com/images/media/event/thumb/61g7b91775058323.jpg			166
267	Netherlands vs Japan	2026-06-15 03:00:00+07	2391735	https://www.youtube.com/watch?v=r8SvHZxALQs	f	https://r2.thesportsdb.com/images/media/event/thumb/8rj5lv1775058324.jpg			166
268	Australia vs Turkey	2026-06-14 11:00:00+07	2461105	https://www.youtube.com/watch?v=5eqzEDe8wHs	f	https://r2.thesportsdb.com/images/media/event/thumb/kgoj1q1775058373.jpg			166
269	Belgium vs Egypt	2026-06-16 02:00:00+07	2391736	https://www.youtube.com/watch?v=ff1FKexIihA	f	https://r2.thesportsdb.com/images/media/event/thumb/uejz5h1775058325.jpg			167
270	Saudi Arabia vs Uruguay	2026-06-16 05:00:00+07	2391738	https://www.youtube.com/watch?v=fRuj2TLu4W0	f	https://r2.thesportsdb.com/images/media/event/thumb/zhbzh41775058327.jpg			167
271	Spain vs Cape Verde	2026-06-15 23:00:00+07	2391739	https://www.youtube.com/watch?v=-Vv4UnfvnEQ	f	https://r2.thesportsdb.com/images/media/event/thumb/xi9bqn1775058328.jpg			167
272	Sweden vs Tunisia	2026-06-15 09:00:00+07	2461106	https://www.youtube.com/watch?v=MM5hUuEzH3g	f	https://r2.thesportsdb.com/images/media/event/thumb/hja0ne1775058374.jpg			167
273	Iran vs New Zealand	2026-06-16 08:00:00+07	2391737	https://www.youtube.com/watch?v=hCpD7O-Iy7Y	f	https://www.thesportsdb.com/images/media/event/thumb/y5bjck1781599999.jpg			168
274	France vs Senegal	2026-06-17 02:00:00+07	2391742		f	https://r2.thesportsdb.com/images/media/event/thumb/73gvui1775058331.jpg			168
275	Iraq vs Norway	2026-06-17 05:00:00+07	2461107		f	https://r2.thesportsdb.com/images/media/event/thumb/xbh5yw1775058375.jpg			168
276	Argentina vs Algeria	2026-06-17 08:00:00+07	2391740		f	https://www.thesportsdb.com/images/media/event/thumb/brfljg1781600000.jpg			169
277	Austria vs Jordan	2026-06-17 11:00:00+07	2391741		f	https://www.thesportsdb.com/images/media/event/thumb/p0v3zk1781600000.jpg			169
278	England vs Croatia	2026-06-18 03:00:00+07	2391743		f	https://r2.thesportsdb.com/images/media/event/thumb/cfi1ep1775058332.jpg			169
279	Ghana vs Panama	2026-06-18 06:00:00+07	2391744		f	https://r2.thesportsdb.com/images/media/event/thumb/qq0ayn1775058333.jpg			169
280	Portugal vs DR Congo	2026-06-18 00:00:00+07	2461108		f	https://r2.thesportsdb.com/images/media/event/thumb/cjjkg21775058376.jpg			169
281	Uzbekistan vs Colombia	2026-06-18 09:00:00+07	2391745		f	https://r2.thesportsdb.com/images/media/event/thumb/s0getc1775058334.jpg			170
282	Canada vs Qatar	2026-06-19 05:00:00+07	2391746		f	https://r2.thesportsdb.com/images/media/event/thumb/vcjp4j1775058335.jpg			170
283	Czech Republic vs South Africa	2026-06-18 23:00:00+07	2461109		f	https://r2.thesportsdb.com/images/media/event/thumb/x3ynsy1775058377.jpg			170
284	Switzerland vs Bosnia-Herzegovina	2026-06-19 02:00:00+07	2461110		f	https://www.thesportsdb.com/images/media/event/thumb/ifij8n1781600006.jpg			170
285	Mexico vs South Korea	2026-06-19 08:00:00+07	2391747		f	https://r2.thesportsdb.com/images/media/event/thumb/r0l9hp1775058336.jpg			171
286	Scotland vs Morocco	2026-06-20 05:00:00+07	2391749		f	https://r2.thesportsdb.com/images/media/event/thumb/h9f6ho1775058338.jpg			171
287	USA vs Australia	2026-06-20 02:00:00+07	2391750		f	https://r2.thesportsdb.com/images/media/event/thumb/jsz07z1775058339.jpg			171
288	Brazil vs Haiti	2026-06-20 07:30:00+07	2391748		f	https://r2.thesportsdb.com/images/media/event/thumb/cbpzq61775058337.jpg			172
289	Germany vs Ivory Coast	2026-06-21 03:00:00+07	2391752		f	https://r2.thesportsdb.com/images/media/event/thumb/jzc7kq1775058341.jpg			172
290	Turkey vs Paraguay	2026-06-20 10:00:00+07	2461111		f	https://www.thesportsdb.com/images/media/event/thumb/qvkiqg1781600007.jpg			172
291	Netherlands vs Sweden	2026-06-21 00:00:00+07	2461112		f	https://r2.thesportsdb.com/images/media/event/thumb/x1073h1775058380.jpg			172
292	Ecuador vs Curaçao	2026-06-21 07:00:00+07	2391751		f	https://www.thesportsdb.com/images/media/event/thumb/upmmfc1781600001.jpg			173
293	Tunisia vs Japan	2026-06-21 11:00:00+07	2391753		f	https://r2.thesportsdb.com/images/media/event/thumb/y5fihn1775058342.jpg			173
294	Belgium vs Iran	2026-06-22 02:00:00+07	2391754		f	https://www.thesportsdb.com/images/media/event/thumb/vpptny1781600002.jpg			173
62	Race	2026-06-07 20:00:00+07	2408146	https://www.youtube.com/watch?v=ipOT9ruRobc	t	https://r2.thesportsdb.com/images/media/event/thumb/h8lihi1774920139.jpg			28
63	Race	2026-06-14 20:00:00+07	2408151	https://www.youtube.com/watch?v=Ey8j_BlLvFM	t	https://r2.thesportsdb.com/images/media/event/thumb/z95co71774920190.jpg			29
64	Race	2026-06-28 20:00:00+07	2408161		f	https://r2.thesportsdb.com/images/media/event/thumb/01q2vk1774920240.jpg			30
65	Race	2026-07-05 21:00:00+07	2408166		f	https://r2.thesportsdb.com/images/media/event/thumb/vfuq6i1774920291.jpg			31
66	Race	2026-07-19 20:00:00+07	2408171		f	https://r2.thesportsdb.com/images/media/event/thumb/33o2a71774920341.jpg			32
67	Race	2026-07-26 20:00:00+07	2408176		f	https://r2.thesportsdb.com/images/media/event/thumb/xldkhf1774920392.jpg			33
68	Race	2026-08-23 20:00:00+07	2408181		f	https://r2.thesportsdb.com/images/media/event/thumb/jzj7wk1774920442.jpg			34
69	Race	2026-09-06 20:00:00+07	2408186		f	https://r2.thesportsdb.com/images/media/event/thumb/2nqfr11774920492.jpg			35
70	Race	2026-09-13 20:00:00+07	2408914		f	https://r2.thesportsdb.com/images/media/event/thumb/2p2wk61774920545.jpg			36
71	Race	2026-09-26 18:00:00+07	2408191		f	https://r2.thesportsdb.com/images/media/event/thumb/8ndxfr1774920595.jpg			37
72	Race	2026-10-11 19:00:00+07	2408196		f	https://r2.thesportsdb.com/images/media/event/thumb/nra03o1774920648.jpg			38
73	Race	2026-10-26 03:00:00+07	2408201		f	https://r2.thesportsdb.com/images/media/event/thumb/kbs1ii1774920698.jpg			39
74	Race	2026-11-02 03:00:00+07	2408206		f	https://r2.thesportsdb.com/images/media/event/thumb/xbcb4k1774920751.jpg			40
75	Race	2026-11-09 00:00:00+07	2408211		f	https://r2.thesportsdb.com/images/media/event/thumb/l1dnq41774920802.jpg			41
76	Race	2026-11-22 11:00:00+07	2408216		f	https://r2.thesportsdb.com/images/media/event/thumb/ceg6ue1774920855.jpg			42
77	Race	2026-11-29 23:00:00+07	2408221		f	https://r2.thesportsdb.com/images/media/event/thumb/xgdugs1774920905.jpg			43
78	Race	2026-12-06 20:00:00+07	2408226		f	https://r2.thesportsdb.com/images/media/event/thumb/6y5gau1774920955.jpg			44
90	Qualifying	2026-06-06 21:00:00+07	2408145	https://www.youtube.com/watch?v=xmk0j-HdgwY	t	https://r2.thesportsdb.com/images/media/event/thumb/rpbpwf1774920129.jpg			28
91	Qualifying	2026-06-13 21:00:00+07	2408150	https://www.youtube.com/watch?v=Q2fMM4H9bWY	t	https://r2.thesportsdb.com/images/media/event/thumb/ltz49n1774920180.jpg			29
92	Qualifying	2026-06-27 21:00:00+07	2408160		f	https://r2.thesportsdb.com/images/media/event/thumb/ni75b71774920230.jpg			30
93	Qualifying	2026-07-03 22:30:00+07	2408163		f	https://r2.thesportsdb.com/images/media/event/thumb/7mts9n1774920260.jpg			31
94	Sprint	2026-07-04 18:00:00+07	2408164		f	https://r2.thesportsdb.com/images/media/event/thumb/zu42yz1774920271.jpg			31
95	Qualifying	2026-07-04 22:00:00+07	2408165		f	https://r2.thesportsdb.com/images/media/event/thumb/tmhk3v1774920281.jpg			31
96	Qualifying	2026-07-18 21:00:00+07	2408170		f	https://r2.thesportsdb.com/images/media/event/thumb/oi4l411774920331.jpg			32
97	Qualifying	2026-07-25 21:00:00+07	2408175		f	https://r2.thesportsdb.com/images/media/event/thumb/vjz7351774920382.jpg			33
98	Qualifying	2026-08-21 21:30:00+07	2408178		f	https://r2.thesportsdb.com/images/media/event/thumb/hc17d41774920412.jpg			34
99	Sprint	2026-08-22 17:00:00+07	2408179		f	https://r2.thesportsdb.com/images/media/event/thumb/d06vj21774920422.jpg			34
100	Qualifying	2026-08-22 21:00:00+07	2408180		f	https://r2.thesportsdb.com/images/media/event/thumb/y5qy2s1774920432.jpg			34
101	Qualifying	2026-09-05 21:00:00+07	2408185		f	https://r2.thesportsdb.com/images/media/event/thumb/6aa9i41774920482.jpg			35
102	Qualifying	2026-09-12 21:00:00+07	2408918		f	https://r2.thesportsdb.com/images/media/event/thumb/9unrjv1774920535.jpg			36
103	Qualifying	2026-09-25 19:00:00+07	2408190		f	https://r2.thesportsdb.com/images/media/event/thumb/qq8rfk1774920585.jpg			37
104	Qualifying	2026-10-09 19:30:00+07	2408193		f	https://r2.thesportsdb.com/images/media/event/thumb/1l635m1774920617.jpg			38
105	Sprint	2026-10-10 16:00:00+07	2408194		f	https://r2.thesportsdb.com/images/media/event/thumb/waxltr1774920628.jpg			38
106	Qualifying	2026-10-10 20:00:00+07	2408195		f	https://r2.thesportsdb.com/images/media/event/thumb/a0raqf1774920638.jpg			38
107	Qualifying	2026-10-25 04:00:00+07	2408200		f	https://r2.thesportsdb.com/images/media/event/thumb/to5vbl1774920688.jpg			39
108	Qualifying	2026-11-01 04:00:00+07	2408205		f	https://r2.thesportsdb.com/images/media/event/thumb/4iyvy41774920741.jpg			40
109	Qualifying	2026-11-08 01:00:00+07	2408210		f	https://r2.thesportsdb.com/images/media/event/thumb/1euavb1774920792.jpg			41
110	Qualifying	2026-11-21 11:00:00+07	2408215		f	https://r2.thesportsdb.com/images/media/event/thumb/n381ab1774920842.jpg			42
111	Qualifying	2026-11-29 01:00:00+07	2408220		f	https://r2.thesportsdb.com/images/media/event/thumb/xahxvi1774920895.jpg			43
112	Qualifying	2026-12-05 21:00:00+07	2408225		f	https://r2.thesportsdb.com/images/media/event/thumb/hkj4zk1774920945.jpg			44
297	New Zealand vs Egypt	2026-06-22 08:00:00+07	2391755		f	https://r2.thesportsdb.com/images/media/event/thumb/zxmks31775058344.jpg			174
298	Argentina vs Austria	2026-06-23 00:00:00+07	2391758		f	https://r2.thesportsdb.com/images/media/event/thumb/ho62ce1775058347.jpg			174
299	France vs Iraq	2026-06-23 04:00:00+07	2461113		f	https://r2.thesportsdb.com/images/media/event/thumb/2t7p3w1775058381.jpg			174
300	Jordan vs Algeria	2026-06-23 10:00:00+07	2391759		f	https://www.thesportsdb.com/images/media/event/thumb/edw5hi1781600003.jpg			175
220	Race	2026-10-11 07:00:00+07	2368497		f	https://r2.thesportsdb.com/images/media/event/thumb/sbwlx91759847863.jpg			152
222	Race	2026-10-25 07:00:00+07	2368499		f	https://r2.thesportsdb.com/images/media/event/thumb/4ppka91759848041.jpg			154
224	Race	2026-11-01 07:00:00+07	2368501		f	https://r2.thesportsdb.com/images/media/event/thumb/if0ifc1759848260.jpg			156
226	Race	2026-11-08 07:00:00+07	2366135		f	https://r2.thesportsdb.com/images/media/event/thumb/8abzs41759504993.jpg			158
228	Race	2026-11-15 07:00:00+07	2368505		f	https://r2.thesportsdb.com/images/media/event/thumb/z83yg01759848415.jpg			160
230	Race	2026-11-22 07:00:00+07	2368507		f	https://r2.thesportsdb.com/images/media/event/thumb/0bcgpe1759848547.jpg			162
202	Race	2026-06-07 19:00:00+07	2366146	https://www.youtube.com/watch?v=FfhJDeOqMog	t	https://r2.thesportsdb.com/images/media/event/thumb/g88z6u1759507556.jpg			134
204	Race	2026-06-21 07:00:00+07	2366148		f	https://r2.thesportsdb.com/images/media/event/thumb/795ix01759507881.jpg			136
206	Race	2026-06-28 07:00:00+07	2366150		f	https://r2.thesportsdb.com/images/media/event/thumb/ob5u7t1759508254.jpg			138
208	Race	2026-07-12 07:00:00+07	2368484		f	https://r2.thesportsdb.com/images/media/event/thumb/1h8ro21759842418.jpg			140
210	Race	2026-08-09 07:00:00+07	2368486		f	https://r2.thesportsdb.com/images/media/event/thumb/tznxdy1759844997.jpg			142
212	Race	2026-08-30 07:00:00+07	2368488		f	https://r2.thesportsdb.com/images/media/event/thumb/t7uxre1759845183.jpg			144
214	Race	2026-09-13 07:00:00+07	2368490		f	https://r2.thesportsdb.com/images/media/event/thumb/y0dmit1759845423.jpg			146
216	Race	2026-09-20 07:00:00+07	2368493		f	https://r2.thesportsdb.com/images/media/event/thumb/ddwuh81759845645.jpg			148
218	Race	2026-10-04 07:00:00+07	2368495		f	https://r2.thesportsdb.com/images/media/event/thumb/32tx101759847627.jpg			150
301	Norway vs Senegal	2026-06-23 07:00:00+07	2391760		f	https://r2.thesportsdb.com/images/media/event/thumb/3azkme1775058349.jpg			175
302	England vs Ghana	2026-06-24 03:00:00+07	2391761		f	https://r2.thesportsdb.com/images/media/event/thumb/e5dedu1775058350.jpg			175
303	Panama vs Croatia	2026-06-24 06:00:00+07	2391762		f	https://r2.thesportsdb.com/images/media/event/thumb/72bcb41775058351.jpg			175
304	Portugal vs Uzbekistan	2026-06-24 00:00:00+07	2391763		f	https://r2.thesportsdb.com/images/media/event/thumb/kdr7qh1775058352.jpg			175
305	Morocco vs Haiti	2026-06-25 05:00:00+07	2391764		f	https://r2.thesportsdb.com/images/media/event/thumb/99fxp31775058353.jpg			176
306	Scotland vs Brazil	2026-06-25 05:00:00+07	2391765		f	https://r2.thesportsdb.com/images/media/event/thumb/ipcah51775058354.jpg			176
307	Switzerland vs Canada	2026-06-25 02:00:00+07	2391767		f	https://r2.thesportsdb.com/images/media/event/thumb/t2wxux1775058356.jpg			176
308	Colombia vs DR Congo	2026-06-24 09:00:00+07	2461114		f	https://r2.thesportsdb.com/images/media/event/thumb/o44l951775058382.jpg			176
309	Bosnia-Herzegovina vs Qatar	2026-06-25 02:00:00+07	2461115		f	https://r2.thesportsdb.com/images/media/event/thumb/me4ksq1775058383.jpg			176
244	Sprint Race	2026-06-06 20:00:00+07	2366145	https://www.youtube.com/watch?v=HFkctIBwk5A	t	https://r2.thesportsdb.com/images/media/event/thumb/hnvtgr1759507509.jpg			134
245	Sprint Race	2026-06-20 07:00:00+07	2366147		f	https://r2.thesportsdb.com/images/media/event/thumb/7lxai61759507839.jpg			136
246	Sprint Race	2026-06-27 07:00:00+07	2366149		f	https://r2.thesportsdb.com/images/media/event/thumb/wg28k01759508157.jpg			138
247	Sprint Race	2026-07-11 07:00:00+07	2368477		f	https://r2.thesportsdb.com/images/media/event/thumb/w6u0ba1759842370.jpg			140
248	Sprint Race	2026-08-29 07:00:00+07	2368487		f	https://r2.thesportsdb.com/images/media/event/thumb/gfgz3p1759845095.jpg			144
249	Sprint Race	2026-09-12 07:00:00+07	2368489		f	https://r2.thesportsdb.com/images/media/event/thumb/o26r7s1759845356.jpg			146
250	Sprint Race	2026-09-19 07:00:00+07	2368491		f	https://r2.thesportsdb.com/images/media/event/thumb/6sh4hy1759845605.jpg			148
251	Sprint Race	2026-10-03 07:00:00+07	2368494		f	https://r2.thesportsdb.com/images/media/event/thumb/eb920u1759847579.jpg			150
252	Sprint Race	2026-10-10 07:00:00+07	2368496		f	https://r2.thesportsdb.com/images/media/event/thumb/tf5ds41759847821.jpg			152
253	Sprint Race	2026-10-24 07:00:00+07	2368498		f	https://r2.thesportsdb.com/images/media/event/thumb/uwn8ob1759848008.jpg			154
254	Sprint Race	2026-10-31 07:00:00+07	2368500		f	https://r2.thesportsdb.com/images/media/event/thumb/7bwtc01759848221.jpg			156
255	Sprint Race	2026-11-07 07:00:00+07	2366134		f	https://r2.thesportsdb.com/images/media/event/thumb/vl1nlu1759504910.jpg			158
256	Sprint Race	2026-11-14 07:00:00+07	2368503	\N	f	https://r2.thesportsdb.com/images/media/event/thumb/idmkx91759848377.jpg			160
257	Sprint Race	2026-11-21 07:00:00+07	2368506	\N	f	https://r2.thesportsdb.com/images/media/event/thumb/3fr05o1759848507.jpg			162
311	Curaçao vs Ivory Coast	2026-06-26 03:00:00+07	2391768		f	https://r2.thesportsdb.com/images/media/event/thumb/2i6gsa1775058357.jpg			177
312	Ecuador vs Germany	2026-06-26 03:00:00+07	2391769		f	https://r2.thesportsdb.com/images/media/event/thumb/bgspfq1775058358.jpg			177
313	Tunisia vs Netherlands	2026-06-26 06:00:00+07	2391771		f	https://www.thesportsdb.com/images/media/event/thumb/ehmyj71781600005.jpg			177
314	Czech Republic vs Mexico	2026-06-25 08:00:00+07	2461116		f	https://r2.thesportsdb.com/images/media/event/thumb/70pe2h1775058384.jpg			177
315	Japan vs Sweden	2026-06-26 06:00:00+07	2461117		f	https://r2.thesportsdb.com/images/media/event/thumb/4no2lo1775058385.jpg			177
316	Paraguay vs Australia	2026-06-26 09:00:00+07	2391770		f	https://www.thesportsdb.com/images/media/event/thumb/sqvb9x1781600004.jpg			178
317	Norway vs France	2026-06-27 02:00:00+07	2391775		f	https://r2.thesportsdb.com/images/media/event/thumb/g2uph61775058364.jpg			178
318	Turkey vs USA	2026-06-26 09:00:00+07	2461118		f	https://www.thesportsdb.com/images/media/event/thumb/df1tnu1781600008.jpg			178
319	Senegal vs Iraq	2026-06-27 02:00:00+07	2461119		f	https://r2.thesportsdb.com/images/media/event/thumb/duwfkg1775058387.jpg			178
320	Cape Verde vs Saudi Arabia	2026-06-27 07:00:00+07	2391772		f	https://r2.thesportsdb.com/images/media/event/thumb/fchnmj1775058361.jpg			179
321	Egypt vs Iran	2026-06-27 10:00:00+07	2391773		f	https://r2.thesportsdb.com/images/media/event/thumb/yane951775058362.jpg			179
322	New Zealand vs Belgium	2026-06-27 10:00:00+07	2391774		f	https://r2.thesportsdb.com/images/media/event/thumb/162w8r1775058363.jpg			179
323	Uruguay vs Spain	2026-06-27 07:00:00+07	2391776		f	https://r2.thesportsdb.com/images/media/event/thumb/b2zc0v1775058365.jpg			179
324	Colombia vs Portugal	2026-06-28 06:30:00+07	2391778		f	https://r2.thesportsdb.com/images/media/event/thumb/u6lsyr1775058367.jpg			179
325	Croatia vs Ghana	2026-06-28 04:00:00+07	2391779		f	https://r2.thesportsdb.com/images/media/event/thumb/fwxopf1775058368.jpg			179
326	Panama vs England	2026-06-28 04:00:00+07	2391781		f	https://r2.thesportsdb.com/images/media/event/thumb/enrwox1775058370.jpg			179
327	DR Congo vs Uzbekistan	2026-06-28 06:30:00+07	2461120		f	https://r2.thesportsdb.com/images/media/event/thumb/pibln91775058388.jpg			179
328	Algeria vs Austria	2026-06-28 09:00:00+07	2391777		f	https://www.thesportsdb.com/images/media/event/thumb/9uiib51781600005.jpg			180
329	Jordan vs Argentina	2026-06-28 09:00:00+07	2391780		f	https://r2.thesportsdb.com/images/media/event/thumb/aejlsx1775058369.jpg			180
258	Mexico vs South Africa	2026-06-12 02:00:00+07	2391728	https://www.youtube.com/watch?v=PmevGCkUtM8	f	https://r2.thesportsdb.com/images/media/event/thumb/dzhwsf1775058317.jpg			163
295	Spain vs Saudi Arabia	2026-06-21 23:00:00+07	2391756		f	https://r2.thesportsdb.com/images/media/event/thumb/kv7yiz1775058345.jpg			173
296	Uruguay vs Cape Verde	2026-06-22 05:00:00+07	2391757		f	https://r2.thesportsdb.com/images/media/event/thumb/ga832m1775058346.jpg			173
310	South Africa vs South Korea	2026-06-25 08:00:00+07	2391766		f	https://r2.thesportsdb.com/images/media/event/thumb/apzr651775058355.jpg			177
\.


--
-- Data for Name: core_rating; Type: TABLE DATA; Schema: public; Owner: dom974
--

COPY public.core_rating (id, five_stars, four_stars, three_stars, two_stars, one_star, percentage, likes, dislikes, event_id) FROM stdin;
1	0	1	0	0	0	80	0	0	91
2	1	0	0	0	0	100	0	0	63
4	1	0	0	0	0	100	0	0	274
5	1	0	0	0	0	100	0	0	271
6	0	1	0	0	0	80	0	1	275
\.


--
-- Data for Name: core_rating_voters; Type: TABLE DATA; Schema: public; Owner: dom974
--

COPY public.core_rating_voters (id, rating_id, user_id) FROM stdin;
\.


--
-- Data for Name: core_reply; Type: TABLE DATA; Schema: public; Owner: dom974
--

COPY public.core_reply (body, created, id, author_id, comment_id) FROM stdin;
\.


--
-- Data for Name: django_admin_log; Type: TABLE DATA; Schema: public; Owner: dom974
--

COPY public.django_admin_log (id, action_time, object_id, object_repr, action_flag, change_message, content_type_id, user_id) FROM stdin;
1	2026-06-17 12:29:28.004846+07	22	Abu Dhabi Grand Prix	3		8	1
2	2026-06-17 12:29:28.004908+07	21	Qatar Grand Prix	3		8	1
3	2026-06-17 12:29:28.004929+07	20	Las Vegas Grand Prix	3		8	1
4	2026-06-17 12:29:28.004945+07	19	São Paulo Grand Prix	3		8	1
5	2026-06-17 12:29:28.004958+07	18	Mexico City Grand Prix	3		8	1
6	2026-06-17 12:29:28.004971+07	17	United States Grand Prix	3		8	1
7	2026-06-17 12:29:28.004982+07	16	Singapore Grand Prix	3		8	1
8	2026-06-17 12:29:28.004994+07	15	Azerbaijan Grand Prix	3		8	1
9	2026-06-17 12:29:28.005005+07	14	Spanish Grand Prix	3		8	1
10	2026-06-17 12:29:28.005017+07	13	Italian Grand Prix	3		8	1
11	2026-06-17 12:29:28.005029+07	12	Dutch Grand Prix	3		8	1
12	2026-06-17 12:29:28.005041+07	11	Hungarian Grand Prix	3		8	1
13	2026-06-17 12:29:28.005051+07	10	Belgian Grand Prix	3		8	1
14	2026-06-17 12:29:28.005062+07	9	British Grand Prix	3		8	1
15	2026-06-17 12:29:28.005072+07	8	Austrian Grand Prix	3		8	1
16	2026-06-17 12:29:28.005083+07	7	Barcelona-Catalunya Grand Prix	3		8	1
17	2026-06-17 12:29:28.005093+07	6	Monaco Grand Prix	3		8	1
18	2026-06-17 12:29:28.005106+07	5	Canadian Grand Prix	3		8	1
19	2026-06-17 12:29:28.005117+07	4	Miami Grand Prix	3		8	1
20	2026-06-17 12:29:28.005129+07	3	Japanese Grand Prix	3		8	1
21	2026-06-17 12:29:28.00514+07	2	Chinese Grand Prix	3		8	1
22	2026-06-17 12:29:28.005151+07	1	Australian Grand Prix	3		8	1
23	2026-06-17 12:43:00.54366+07	103	Valencia GP	3		8	1
24	2026-06-17 12:43:00.543873+07	102	Valencia Sprint Race	3		8	1
25	2026-06-17 12:43:00.543893+07	101	Portugal GP	3		8	1
26	2026-06-17 12:43:00.543909+07	100	Portugal Sprint Race	3		8	1
27	2026-06-17 12:43:00.543924+07	99	Qatar GP	3		8	1
28	2026-06-17 12:43:00.543937+07	98	Qatar Sprint Race	3		8	1
29	2026-06-17 12:43:00.54395+07	97	Malaysia GP	3		8	1
30	2026-06-17 12:43:00.543963+07	96	Malaysia Sprint Race	3		8	1
31	2026-06-17 12:43:00.543977+07	95	Australia GP	3		8	1
32	2026-06-17 12:43:00.543989+07	94	Australia Sprint Race	3		8	1
33	2026-06-17 12:43:00.544002+07	93	Indonesia GP	3		8	1
34	2026-06-17 12:43:00.544012+07	92	Indonesia Sprint Race	3		8	1
35	2026-06-17 12:43:00.544024+07	91	Japan GP	3		8	1
36	2026-06-17 12:43:00.544034+07	90	Japan Sprint Race	3		8	1
37	2026-06-17 12:43:00.544047+07	89	Austria GP	3		8	1
38	2026-06-17 12:43:00.54406+07	88	Austria Sprint Race	3		8	1
39	2026-06-17 12:43:00.544072+07	87	San Marino GP	3		8	1
40	2026-06-17 12:43:00.544086+07	86	San Marino Sprint Race	3		8	1
41	2026-06-17 12:43:00.544097+07	85	Aragón GP	3		8	1
42	2026-06-17 12:43:00.544109+07	84	Aragón Sprint Race	3		8	1
43	2026-06-17 12:43:00.544122+07	83	Great Britain GP	3		8	1
44	2026-06-17 12:43:00.544136+07	82	United Kingdom Sprint Race	3		8	1
45	2026-06-17 12:43:00.544148+07	81	Germany  GP	3		8	1
46	2026-06-17 12:43:00.54416+07	80	Germany Sprint Race	3		8	1
47	2026-06-17 12:43:00.544171+07	79	Netherlands GP	3		8	1
48	2026-06-17 12:43:00.544182+07	78	Netherlands Sprint Race	3		8	1
49	2026-06-17 12:43:00.544193+07	77	Czechia GP	3		8	1
50	2026-06-17 12:43:00.544205+07	76	Czechia Sprint Race	3		8	1
51	2026-06-17 12:43:00.544217+07	75	Hungary GP	3		8	1
52	2026-06-17 12:43:00.544228+07	74	Hungary Sprint Race	3		8	1
53	2026-06-17 12:43:00.54424+07	73	Italy GP	3		8	1
54	2026-06-17 12:43:00.544251+07	72	Italy Sprint Race	3		8	1
55	2026-06-17 12:43:00.544262+07	71	Catalonia GP	3		8	1
56	2026-06-17 12:43:00.544274+07	70	Catalonia Sprint Race	3		8	1
57	2026-06-17 12:43:00.544286+07	69	France GP	3		8	1
58	2026-06-17 12:43:00.544298+07	68	France Sprint Race	3		8	1
59	2026-06-17 12:43:00.544309+07	67	Spain GP	3		8	1
60	2026-06-17 12:43:00.54432+07	66	Spain Sprint Race	3		8	1
61	2026-06-17 12:43:00.544331+07	65	USA GP	3		8	1
62	2026-06-17 12:43:00.544342+07	64	USA Qualifying 2	3		8	1
63	2026-06-17 12:43:00.544354+07	63	USA Qualifying 1	3		8	1
64	2026-06-17 12:43:00.544366+07	62	USA Sprint Race	3		8	1
65	2026-06-17 12:43:00.544377+07	61	Brazil GP	3		8	1
66	2026-06-17 12:43:00.544388+07	60	Brazil Qualifying 2	3		8	1
67	2026-06-17 12:43:00.544399+07	59	Brazil Qualifying 1	3		8	1
68	2026-06-17 12:43:00.544411+07	58	Brazil Sprint Race	3		8	1
69	2026-06-17 12:43:00.544421+07	57	Thailand GP	3		8	1
70	2026-06-17 12:43:00.544431+07	56	Thailand Qualifying 2	3		8	1
71	2026-06-17 12:43:00.544442+07	55	Thailand Qualifying 1	3		8	1
72	2026-06-17 12:43:00.544452+07	54	Thailand Sprint Race	3		8	1
73	2026-06-17 12:43:00.544463+07	53	Buriram Test 2	3		8	1
74	2026-06-17 12:43:00.544473+07	52	Buriram Test 1	3		8	1
75	2026-06-17 12:43:00.544484+07	51	Sepang Test 3	3		8	1
76	2026-06-17 12:43:00.544494+07	50	Sepang Test 2	3		8	1
77	2026-06-17 12:43:00.544504+07	49	Sepang Test 1	3		8	1
78	2026-06-17 12:43:00.544514+07	48	Shakedown Test 3	3		8	1
79	2026-06-17 12:43:00.544534+07	47	Shakedown Test 2	3		8	1
80	2026-06-17 12:43:00.544551+07	46	Shakedown Test 1	3		8	1
81	2026-06-17 12:43:00.544561+07	45	Valencia Test	3		8	1
82	2026-06-17 13:20:58.400732+07	184	Sun 24 May	3		8	1
83	2026-06-17 13:20:58.400794+07	183	Tue 19 May	3		8	1
84	2026-06-17 13:20:58.400815+07	182	Mon 18 May	3		8	1
85	2026-06-17 13:21:08.018976+07	187	Mon 25 May	3		8	1
86	2026-06-17 13:21:08.019031+07	186	Thu 21 May	3		8	1
87	2026-06-17 13:21:14.73936+07	181	Sat 30 May	3		8	1
88	2026-06-17 13:21:20.134701+07	185	Wed 20 May	3		8	1
89	2026-06-17 13:37:27.486126+07	3	Iran vs New Zealand - Tue 16 Jun	3		11	1
90	2026-06-19 10:55:06.262476+07	2	Happy	2	[{"changed": {"fields": ["Active"]}}]	4	1
\.


--
-- Data for Name: django_content_type; Type: TABLE DATA; Schema: public; Owner: dom974
--

COPY public.django_content_type (id, app_label, model) FROM stdin;
1	admin	logentry
2	auth	permission
3	auth	group
4	auth	user
5	contenttypes	contenttype
6	sessions	session
7	sites	site
8	core	competition
9	core	event
10	core	comment
11	core	rating
12	core	reply
13	core	commentvote
\.


--
-- Data for Name: django_migrations; Type: TABLE DATA; Schema: public; Owner: dom974
--

COPY public.django_migrations (id, app, name, applied) FROM stdin;
1	contenttypes	0001_initial	2026-06-17 12:03:12.489011+07
2	auth	0001_initial	2026-06-17 12:03:12.594033+07
3	admin	0001_initial	2026-06-17 12:03:12.6219+07
4	admin	0002_logentry_remove_auto_add	2026-06-17 12:03:12.628549+07
5	admin	0003_logentry_add_action_flag_choices	2026-06-17 12:03:12.635601+07
6	contenttypes	0002_remove_content_type_name	2026-06-17 12:03:12.648963+07
7	auth	0002_alter_permission_name_max_length	2026-06-17 12:03:12.656689+07
8	auth	0003_alter_user_email_max_length	2026-06-17 12:03:12.666549+07
9	auth	0004_alter_user_username_opts	2026-06-17 12:03:12.673282+07
10	auth	0005_alter_user_last_login_null	2026-06-17 12:03:12.681267+07
11	auth	0006_require_contenttypes_0002	2026-06-17 12:03:12.684245+07
12	auth	0007_alter_validators_add_error_messages	2026-06-17 12:03:12.692308+07
13	auth	0008_alter_user_username_max_length	2026-06-17 12:03:12.704987+07
14	auth	0009_alter_user_last_name_max_length	2026-06-17 12:03:12.712385+07
15	auth	0010_alter_group_name_max_length	2026-06-17 12:03:12.721425+07
16	auth	0011_update_proxy_permissions	2026-06-17 12:03:12.728497+07
17	auth	0012_alter_user_first_name_max_length	2026-06-17 12:03:12.736244+07
18	core	0001_initial	2026-06-17 12:03:12.857592+07
19	sessions	0001_initial	2026-06-17 12:03:12.880338+07
20	sites	0001_initial	2026-06-17 12:03:12.890901+07
21	sites	0002_alter_domain_unique	2026-06-17 12:03:12.905352+07
22	core	0002_commentvote	2026-06-19 10:52:07.598282+07
\.


--
-- Data for Name: django_session; Type: TABLE DATA; Schema: public; Owner: dom974
--

COPY public.django_session (session_key, session_data, expire_date) FROM stdin;
ja6vgu9yc5cf79cww3likd5rboln1sa8	.eJxVjD0LwjAURf9LZilN0jSpo-AoTs7l5uWFBNsU-jGJ_90WHHS893DOS_TY1tRvC899DuIspDj9fh705HKAYy7VQbismbDmqVTXEXm4z4-dFYx8mwIPl6_y10lY0h4JUOSkdZKjDV3XhGB9R7CRIhBJ17pxWisbDRtH3KqaEVsjtZHwCizeHxwIPBM:1wZl3Z:epN0URPAc0UrPlXWVHdnpNU-7qqLhPRyxCiUGYX9Xfg	2026-07-01 14:51:29.377922+07
kpwjnp2trqqq6dn005o71km40imtglgf	.eJxVjD0LwjAURf9LZilN0jSpo-AoTs7l5uWFBNsU-jGJ_90WHHS893DOS_TY1tRvC899DuIspDj9fh705HKAYy7VQbismbDmqVTXEXm4z4-dFYx8mwIPl6_y10lY0h4JUOSkdZKjDV3XhGB9R7CRIhBJ17pxWisbDRtH3KqaEVsjtZHwCizeHxwIPBM:1waQGq:g46aGnUIhSraC5KeL7DrseQ-vK-rRlMvCM8aSpib_iM	2026-07-03 10:51:56.346955+07
nek1m1vyecn6xsqm2o8x0v6oh5hfrudy	.eJxVjDsLwjAYRf9LZikmTfNwFDqKk3O4X_KVBtsU-pjE_24LDjreezjnJQK2tQ_bwnPISVyEEqffjxCfXA5wzKU6CJc1R6x5KlU7Ig_3-bGzgpFvU-Lh-lX-Oj2Wfo8Q3Nk0nZcKrjPKSWmYrGFNVhoJ68EM1IiUahU1ddDE0TbKNd5Fr8X7AwBpO7M:1waQK8:DC2Zpw1fcg84HnmpwZRHzBFGJi2u7BLm2rR-PiFEem8	2026-07-03 10:55:20.146233+07
\.


--
-- Data for Name: django_site; Type: TABLE DATA; Schema: public; Owner: dom974
--

COPY public.django_site (id, domain, name) FROM stdin;
1	example.com	example.com
\.


--
-- Name: auth_group_id_seq; Type: SEQUENCE SET; Schema: public; Owner: dom974
--

SELECT pg_catalog.setval('public.auth_group_id_seq', 1, false);


--
-- Name: auth_group_permissions_id_seq; Type: SEQUENCE SET; Schema: public; Owner: dom974
--

SELECT pg_catalog.setval('public.auth_group_permissions_id_seq', 1, false);


--
-- Name: auth_permission_id_seq; Type: SEQUENCE SET; Schema: public; Owner: dom974
--

SELECT pg_catalog.setval('public.auth_permission_id_seq', 52, true);


--
-- Name: auth_user_groups_id_seq; Type: SEQUENCE SET; Schema: public; Owner: dom974
--

SELECT pg_catalog.setval('public.auth_user_groups_id_seq', 1, false);


--
-- Name: auth_user_id_seq; Type: SEQUENCE SET; Schema: public; Owner: dom974
--

SELECT pg_catalog.setval('public.auth_user_id_seq', 2, true);


--
-- Name: auth_user_user_permissions_id_seq; Type: SEQUENCE SET; Schema: public; Owner: dom974
--

SELECT pg_catalog.setval('public.auth_user_user_permissions_id_seq', 1, false);


--
-- Name: core_commentvote_id_seq; Type: SEQUENCE SET; Schema: public; Owner: dom974
--

SELECT pg_catalog.setval('public.core_commentvote_id_seq', 8, true);


--
-- Name: core_competition_id_seq; Type: SEQUENCE SET; Schema: public; Owner: dom974
--

SELECT pg_catalog.setval('public.core_competition_id_seq', 187, true);


--
-- Name: core_event_id_seq; Type: SEQUENCE SET; Schema: public; Owner: dom974
--

SELECT pg_catalog.setval('public.core_event_id_seq', 346, true);


--
-- Name: core_rating_id_seq; Type: SEQUENCE SET; Schema: public; Owner: dom974
--

SELECT pg_catalog.setval('public.core_rating_id_seq', 6, true);


--
-- Name: core_rating_voters_id_seq; Type: SEQUENCE SET; Schema: public; Owner: dom974
--

SELECT pg_catalog.setval('public.core_rating_voters_id_seq', 1, false);


--
-- Name: django_admin_log_id_seq; Type: SEQUENCE SET; Schema: public; Owner: dom974
--

SELECT pg_catalog.setval('public.django_admin_log_id_seq', 90, true);


--
-- Name: django_content_type_id_seq; Type: SEQUENCE SET; Schema: public; Owner: dom974
--

SELECT pg_catalog.setval('public.django_content_type_id_seq', 13, true);


--
-- Name: django_migrations_id_seq; Type: SEQUENCE SET; Schema: public; Owner: dom974
--

SELECT pg_catalog.setval('public.django_migrations_id_seq', 22, true);


--
-- Name: django_site_id_seq; Type: SEQUENCE SET; Schema: public; Owner: dom974
--

SELECT pg_catalog.setval('public.django_site_id_seq', 1, true);


--
-- Name: auth_group auth_group_name_key; Type: CONSTRAINT; Schema: public; Owner: dom974
--

ALTER TABLE ONLY public.auth_group
    ADD CONSTRAINT auth_group_name_key UNIQUE (name);


--
-- Name: auth_group_permissions auth_group_permissions_group_id_permission_id_0cd325b0_uniq; Type: CONSTRAINT; Schema: public; Owner: dom974
--

ALTER TABLE ONLY public.auth_group_permissions
    ADD CONSTRAINT auth_group_permissions_group_id_permission_id_0cd325b0_uniq UNIQUE (group_id, permission_id);


--
-- Name: auth_group_permissions auth_group_permissions_pkey; Type: CONSTRAINT; Schema: public; Owner: dom974
--

ALTER TABLE ONLY public.auth_group_permissions
    ADD CONSTRAINT auth_group_permissions_pkey PRIMARY KEY (id);


--
-- Name: auth_group auth_group_pkey; Type: CONSTRAINT; Schema: public; Owner: dom974
--

ALTER TABLE ONLY public.auth_group
    ADD CONSTRAINT auth_group_pkey PRIMARY KEY (id);


--
-- Name: auth_permission auth_permission_content_type_id_codename_01ab375a_uniq; Type: CONSTRAINT; Schema: public; Owner: dom974
--

ALTER TABLE ONLY public.auth_permission
    ADD CONSTRAINT auth_permission_content_type_id_codename_01ab375a_uniq UNIQUE (content_type_id, codename);


--
-- Name: auth_permission auth_permission_pkey; Type: CONSTRAINT; Schema: public; Owner: dom974
--

ALTER TABLE ONLY public.auth_permission
    ADD CONSTRAINT auth_permission_pkey PRIMARY KEY (id);


--
-- Name: auth_user_groups auth_user_groups_pkey; Type: CONSTRAINT; Schema: public; Owner: dom974
--

ALTER TABLE ONLY public.auth_user_groups
    ADD CONSTRAINT auth_user_groups_pkey PRIMARY KEY (id);


--
-- Name: auth_user_groups auth_user_groups_user_id_group_id_94350c0c_uniq; Type: CONSTRAINT; Schema: public; Owner: dom974
--

ALTER TABLE ONLY public.auth_user_groups
    ADD CONSTRAINT auth_user_groups_user_id_group_id_94350c0c_uniq UNIQUE (user_id, group_id);


--
-- Name: auth_user auth_user_pkey; Type: CONSTRAINT; Schema: public; Owner: dom974
--

ALTER TABLE ONLY public.auth_user
    ADD CONSTRAINT auth_user_pkey PRIMARY KEY (id);


--
-- Name: auth_user_user_permissions auth_user_user_permissions_pkey; Type: CONSTRAINT; Schema: public; Owner: dom974
--

ALTER TABLE ONLY public.auth_user_user_permissions
    ADD CONSTRAINT auth_user_user_permissions_pkey PRIMARY KEY (id);


--
-- Name: auth_user_user_permissions auth_user_user_permissions_user_id_permission_id_14a6b632_uniq; Type: CONSTRAINT; Schema: public; Owner: dom974
--

ALTER TABLE ONLY public.auth_user_user_permissions
    ADD CONSTRAINT auth_user_user_permissions_user_id_permission_id_14a6b632_uniq UNIQUE (user_id, permission_id);


--
-- Name: auth_user auth_user_username_key; Type: CONSTRAINT; Schema: public; Owner: dom974
--

ALTER TABLE ONLY public.auth_user
    ADD CONSTRAINT auth_user_username_key UNIQUE (username);


--
-- Name: core_comment core_comment_pkey; Type: CONSTRAINT; Schema: public; Owner: dom974
--

ALTER TABLE ONLY public.core_comment
    ADD CONSTRAINT core_comment_pkey PRIMARY KEY (id);


--
-- Name: core_commentvote core_commentvote_pkey; Type: CONSTRAINT; Schema: public; Owner: dom974
--

ALTER TABLE ONLY public.core_commentvote
    ADD CONSTRAINT core_commentvote_pkey PRIMARY KEY (id);


--
-- Name: core_commentvote core_commentvote_user_id_comment_id_404cc4eb_uniq; Type: CONSTRAINT; Schema: public; Owner: dom974
--

ALTER TABLE ONLY public.core_commentvote
    ADD CONSTRAINT core_commentvote_user_id_comment_id_404cc4eb_uniq UNIQUE (user_id, comment_id);


--
-- Name: core_competition core_competition_pkey; Type: CONSTRAINT; Schema: public; Owner: dom974
--

ALTER TABLE ONLY public.core_competition
    ADD CONSTRAINT core_competition_pkey PRIMARY KEY (id);


--
-- Name: core_event core_event_pkey; Type: CONSTRAINT; Schema: public; Owner: dom974
--

ALTER TABLE ONLY public.core_event
    ADD CONSTRAINT core_event_pkey PRIMARY KEY (id);


--
-- Name: core_rating core_rating_event_id_key; Type: CONSTRAINT; Schema: public; Owner: dom974
--

ALTER TABLE ONLY public.core_rating
    ADD CONSTRAINT core_rating_event_id_key UNIQUE (event_id);


--
-- Name: core_rating core_rating_pkey; Type: CONSTRAINT; Schema: public; Owner: dom974
--

ALTER TABLE ONLY public.core_rating
    ADD CONSTRAINT core_rating_pkey PRIMARY KEY (id);


--
-- Name: core_rating_voters core_rating_voters_pkey; Type: CONSTRAINT; Schema: public; Owner: dom974
--

ALTER TABLE ONLY public.core_rating_voters
    ADD CONSTRAINT core_rating_voters_pkey PRIMARY KEY (id);


--
-- Name: core_rating_voters core_rating_voters_rating_id_user_id_d1b6f775_uniq; Type: CONSTRAINT; Schema: public; Owner: dom974
--

ALTER TABLE ONLY public.core_rating_voters
    ADD CONSTRAINT core_rating_voters_rating_id_user_id_d1b6f775_uniq UNIQUE (rating_id, user_id);


--
-- Name: core_reply core_reply_pkey; Type: CONSTRAINT; Schema: public; Owner: dom974
--

ALTER TABLE ONLY public.core_reply
    ADD CONSTRAINT core_reply_pkey PRIMARY KEY (id);


--
-- Name: django_admin_log django_admin_log_pkey; Type: CONSTRAINT; Schema: public; Owner: dom974
--

ALTER TABLE ONLY public.django_admin_log
    ADD CONSTRAINT django_admin_log_pkey PRIMARY KEY (id);


--
-- Name: django_content_type django_content_type_app_label_model_76bd3d3b_uniq; Type: CONSTRAINT; Schema: public; Owner: dom974
--

ALTER TABLE ONLY public.django_content_type
    ADD CONSTRAINT django_content_type_app_label_model_76bd3d3b_uniq UNIQUE (app_label, model);


--
-- Name: django_content_type django_content_type_pkey; Type: CONSTRAINT; Schema: public; Owner: dom974
--

ALTER TABLE ONLY public.django_content_type
    ADD CONSTRAINT django_content_type_pkey PRIMARY KEY (id);


--
-- Name: django_migrations django_migrations_pkey; Type: CONSTRAINT; Schema: public; Owner: dom974
--

ALTER TABLE ONLY public.django_migrations
    ADD CONSTRAINT django_migrations_pkey PRIMARY KEY (id);


--
-- Name: django_session django_session_pkey; Type: CONSTRAINT; Schema: public; Owner: dom974
--

ALTER TABLE ONLY public.django_session
    ADD CONSTRAINT django_session_pkey PRIMARY KEY (session_key);


--
-- Name: django_site django_site_domain_a2e37b91_uniq; Type: CONSTRAINT; Schema: public; Owner: dom974
--

ALTER TABLE ONLY public.django_site
    ADD CONSTRAINT django_site_domain_a2e37b91_uniq UNIQUE (domain);


--
-- Name: django_site django_site_pkey; Type: CONSTRAINT; Schema: public; Owner: dom974
--

ALTER TABLE ONLY public.django_site
    ADD CONSTRAINT django_site_pkey PRIMARY KEY (id);


--
-- Name: auth_group_name_a6ea08ec_like; Type: INDEX; Schema: public; Owner: dom974
--

CREATE INDEX auth_group_name_a6ea08ec_like ON public.auth_group USING btree (name varchar_pattern_ops);


--
-- Name: auth_group_permissions_group_id_b120cbf9; Type: INDEX; Schema: public; Owner: dom974
--

CREATE INDEX auth_group_permissions_group_id_b120cbf9 ON public.auth_group_permissions USING btree (group_id);


--
-- Name: auth_group_permissions_permission_id_84c5c92e; Type: INDEX; Schema: public; Owner: dom974
--

CREATE INDEX auth_group_permissions_permission_id_84c5c92e ON public.auth_group_permissions USING btree (permission_id);


--
-- Name: auth_permission_content_type_id_2f476e4b; Type: INDEX; Schema: public; Owner: dom974
--

CREATE INDEX auth_permission_content_type_id_2f476e4b ON public.auth_permission USING btree (content_type_id);


--
-- Name: auth_user_groups_group_id_97559544; Type: INDEX; Schema: public; Owner: dom974
--

CREATE INDEX auth_user_groups_group_id_97559544 ON public.auth_user_groups USING btree (group_id);


--
-- Name: auth_user_groups_user_id_6a12ed8b; Type: INDEX; Schema: public; Owner: dom974
--

CREATE INDEX auth_user_groups_user_id_6a12ed8b ON public.auth_user_groups USING btree (user_id);


--
-- Name: auth_user_user_permissions_permission_id_1fbb5f2c; Type: INDEX; Schema: public; Owner: dom974
--

CREATE INDEX auth_user_user_permissions_permission_id_1fbb5f2c ON public.auth_user_user_permissions USING btree (permission_id);


--
-- Name: auth_user_user_permissions_user_id_a95ead1b; Type: INDEX; Schema: public; Owner: dom974
--

CREATE INDEX auth_user_user_permissions_user_id_a95ead1b ON public.auth_user_user_permissions USING btree (user_id);


--
-- Name: auth_user_username_6821ab7c_like; Type: INDEX; Schema: public; Owner: dom974
--

CREATE INDEX auth_user_username_6821ab7c_like ON public.auth_user USING btree (username varchar_pattern_ops);


--
-- Name: core_comment_author_id_f7066c5e; Type: INDEX; Schema: public; Owner: dom974
--

CREATE INDEX core_comment_author_id_f7066c5e ON public.core_comment USING btree (author_id);


--
-- Name: core_comment_event_id_480880e0; Type: INDEX; Schema: public; Owner: dom974
--

CREATE INDEX core_comment_event_id_480880e0 ON public.core_comment USING btree (event_id);


--
-- Name: core_commentvote_comment_id_3bdc706d; Type: INDEX; Schema: public; Owner: dom974
--

CREATE INDEX core_commentvote_comment_id_3bdc706d ON public.core_commentvote USING btree (comment_id);


--
-- Name: core_commentvote_user_id_e0628f58; Type: INDEX; Schema: public; Owner: dom974
--

CREATE INDEX core_commentvote_user_id_e0628f58 ON public.core_commentvote USING btree (user_id);


--
-- Name: core_event_event_list_id_ec688467; Type: INDEX; Schema: public; Owner: dom974
--

CREATE INDEX core_event_event_list_id_ec688467 ON public.core_event USING btree (event_list_id);


--
-- Name: core_rating_voters_rating_id_aab2a383; Type: INDEX; Schema: public; Owner: dom974
--

CREATE INDEX core_rating_voters_rating_id_aab2a383 ON public.core_rating_voters USING btree (rating_id);


--
-- Name: core_rating_voters_user_id_22c8d8d0; Type: INDEX; Schema: public; Owner: dom974
--

CREATE INDEX core_rating_voters_user_id_22c8d8d0 ON public.core_rating_voters USING btree (user_id);


--
-- Name: core_reply_author_id_1b79a5cd; Type: INDEX; Schema: public; Owner: dom974
--

CREATE INDEX core_reply_author_id_1b79a5cd ON public.core_reply USING btree (author_id);


--
-- Name: core_reply_comment_id_142e6221; Type: INDEX; Schema: public; Owner: dom974
--

CREATE INDEX core_reply_comment_id_142e6221 ON public.core_reply USING btree (comment_id);


--
-- Name: django_admin_log_content_type_id_c4bce8eb; Type: INDEX; Schema: public; Owner: dom974
--

CREATE INDEX django_admin_log_content_type_id_c4bce8eb ON public.django_admin_log USING btree (content_type_id);


--
-- Name: django_admin_log_user_id_c564eba6; Type: INDEX; Schema: public; Owner: dom974
--

CREATE INDEX django_admin_log_user_id_c564eba6 ON public.django_admin_log USING btree (user_id);


--
-- Name: django_session_expire_date_a5c62663; Type: INDEX; Schema: public; Owner: dom974
--

CREATE INDEX django_session_expire_date_a5c62663 ON public.django_session USING btree (expire_date);


--
-- Name: django_session_session_key_c0390e0f_like; Type: INDEX; Schema: public; Owner: dom974
--

CREATE INDEX django_session_session_key_c0390e0f_like ON public.django_session USING btree (session_key varchar_pattern_ops);


--
-- Name: django_site_domain_a2e37b91_like; Type: INDEX; Schema: public; Owner: dom974
--

CREATE INDEX django_site_domain_a2e37b91_like ON public.django_site USING btree (domain varchar_pattern_ops);


--
-- Name: auth_group_permissions auth_group_permissio_permission_id_84c5c92e_fk_auth_perm; Type: FK CONSTRAINT; Schema: public; Owner: dom974
--

ALTER TABLE ONLY public.auth_group_permissions
    ADD CONSTRAINT auth_group_permissio_permission_id_84c5c92e_fk_auth_perm FOREIGN KEY (permission_id) REFERENCES public.auth_permission(id) DEFERRABLE INITIALLY DEFERRED;


--
-- Name: auth_group_permissions auth_group_permissions_group_id_b120cbf9_fk_auth_group_id; Type: FK CONSTRAINT; Schema: public; Owner: dom974
--

ALTER TABLE ONLY public.auth_group_permissions
    ADD CONSTRAINT auth_group_permissions_group_id_b120cbf9_fk_auth_group_id FOREIGN KEY (group_id) REFERENCES public.auth_group(id) DEFERRABLE INITIALLY DEFERRED;


--
-- Name: auth_permission auth_permission_content_type_id_2f476e4b_fk_django_co; Type: FK CONSTRAINT; Schema: public; Owner: dom974
--

ALTER TABLE ONLY public.auth_permission
    ADD CONSTRAINT auth_permission_content_type_id_2f476e4b_fk_django_co FOREIGN KEY (content_type_id) REFERENCES public.django_content_type(id) DEFERRABLE INITIALLY DEFERRED;


--
-- Name: auth_user_groups auth_user_groups_group_id_97559544_fk_auth_group_id; Type: FK CONSTRAINT; Schema: public; Owner: dom974
--

ALTER TABLE ONLY public.auth_user_groups
    ADD CONSTRAINT auth_user_groups_group_id_97559544_fk_auth_group_id FOREIGN KEY (group_id) REFERENCES public.auth_group(id) DEFERRABLE INITIALLY DEFERRED;


--
-- Name: auth_user_groups auth_user_groups_user_id_6a12ed8b_fk_auth_user_id; Type: FK CONSTRAINT; Schema: public; Owner: dom974
--

ALTER TABLE ONLY public.auth_user_groups
    ADD CONSTRAINT auth_user_groups_user_id_6a12ed8b_fk_auth_user_id FOREIGN KEY (user_id) REFERENCES public.auth_user(id) DEFERRABLE INITIALLY DEFERRED;


--
-- Name: auth_user_user_permissions auth_user_user_permi_permission_id_1fbb5f2c_fk_auth_perm; Type: FK CONSTRAINT; Schema: public; Owner: dom974
--

ALTER TABLE ONLY public.auth_user_user_permissions
    ADD CONSTRAINT auth_user_user_permi_permission_id_1fbb5f2c_fk_auth_perm FOREIGN KEY (permission_id) REFERENCES public.auth_permission(id) DEFERRABLE INITIALLY DEFERRED;


--
-- Name: auth_user_user_permissions auth_user_user_permissions_user_id_a95ead1b_fk_auth_user_id; Type: FK CONSTRAINT; Schema: public; Owner: dom974
--

ALTER TABLE ONLY public.auth_user_user_permissions
    ADD CONSTRAINT auth_user_user_permissions_user_id_a95ead1b_fk_auth_user_id FOREIGN KEY (user_id) REFERENCES public.auth_user(id) DEFERRABLE INITIALLY DEFERRED;


--
-- Name: core_comment core_comment_author_id_f7066c5e_fk_auth_user_id; Type: FK CONSTRAINT; Schema: public; Owner: dom974
--

ALTER TABLE ONLY public.core_comment
    ADD CONSTRAINT core_comment_author_id_f7066c5e_fk_auth_user_id FOREIGN KEY (author_id) REFERENCES public.auth_user(id) DEFERRABLE INITIALLY DEFERRED;


--
-- Name: core_comment core_comment_event_id_480880e0_fk_core_event_id; Type: FK CONSTRAINT; Schema: public; Owner: dom974
--

ALTER TABLE ONLY public.core_comment
    ADD CONSTRAINT core_comment_event_id_480880e0_fk_core_event_id FOREIGN KEY (event_id) REFERENCES public.core_event(id) DEFERRABLE INITIALLY DEFERRED;


--
-- Name: core_commentvote core_commentvote_comment_id_3bdc706d_fk_core_comment_id; Type: FK CONSTRAINT; Schema: public; Owner: dom974
--

ALTER TABLE ONLY public.core_commentvote
    ADD CONSTRAINT core_commentvote_comment_id_3bdc706d_fk_core_comment_id FOREIGN KEY (comment_id) REFERENCES public.core_comment(id) DEFERRABLE INITIALLY DEFERRED;


--
-- Name: core_commentvote core_commentvote_user_id_e0628f58_fk_auth_user_id; Type: FK CONSTRAINT; Schema: public; Owner: dom974
--

ALTER TABLE ONLY public.core_commentvote
    ADD CONSTRAINT core_commentvote_user_id_e0628f58_fk_auth_user_id FOREIGN KEY (user_id) REFERENCES public.auth_user(id) DEFERRABLE INITIALLY DEFERRED;


--
-- Name: core_event core_event_event_list_id_ec688467_fk_core_competition_id; Type: FK CONSTRAINT; Schema: public; Owner: dom974
--

ALTER TABLE ONLY public.core_event
    ADD CONSTRAINT core_event_event_list_id_ec688467_fk_core_competition_id FOREIGN KEY (event_list_id) REFERENCES public.core_competition(id) DEFERRABLE INITIALLY DEFERRED;


--
-- Name: core_rating core_rating_event_id_0720727a_fk_core_event_id; Type: FK CONSTRAINT; Schema: public; Owner: dom974
--

ALTER TABLE ONLY public.core_rating
    ADD CONSTRAINT core_rating_event_id_0720727a_fk_core_event_id FOREIGN KEY (event_id) REFERENCES public.core_event(id) DEFERRABLE INITIALLY DEFERRED;


--
-- Name: core_rating_voters core_rating_voters_rating_id_aab2a383_fk_core_rating_id; Type: FK CONSTRAINT; Schema: public; Owner: dom974
--

ALTER TABLE ONLY public.core_rating_voters
    ADD CONSTRAINT core_rating_voters_rating_id_aab2a383_fk_core_rating_id FOREIGN KEY (rating_id) REFERENCES public.core_rating(id) DEFERRABLE INITIALLY DEFERRED;


--
-- Name: core_rating_voters core_rating_voters_user_id_22c8d8d0_fk_auth_user_id; Type: FK CONSTRAINT; Schema: public; Owner: dom974
--

ALTER TABLE ONLY public.core_rating_voters
    ADD CONSTRAINT core_rating_voters_user_id_22c8d8d0_fk_auth_user_id FOREIGN KEY (user_id) REFERENCES public.auth_user(id) DEFERRABLE INITIALLY DEFERRED;


--
-- Name: core_reply core_reply_author_id_1b79a5cd_fk_auth_user_id; Type: FK CONSTRAINT; Schema: public; Owner: dom974
--

ALTER TABLE ONLY public.core_reply
    ADD CONSTRAINT core_reply_author_id_1b79a5cd_fk_auth_user_id FOREIGN KEY (author_id) REFERENCES public.auth_user(id) DEFERRABLE INITIALLY DEFERRED;


--
-- Name: core_reply core_reply_comment_id_142e6221_fk_core_comment_id; Type: FK CONSTRAINT; Schema: public; Owner: dom974
--

ALTER TABLE ONLY public.core_reply
    ADD CONSTRAINT core_reply_comment_id_142e6221_fk_core_comment_id FOREIGN KEY (comment_id) REFERENCES public.core_comment(id) DEFERRABLE INITIALLY DEFERRED;


--
-- Name: django_admin_log django_admin_log_content_type_id_c4bce8eb_fk_django_co; Type: FK CONSTRAINT; Schema: public; Owner: dom974
--

ALTER TABLE ONLY public.django_admin_log
    ADD CONSTRAINT django_admin_log_content_type_id_c4bce8eb_fk_django_co FOREIGN KEY (content_type_id) REFERENCES public.django_content_type(id) DEFERRABLE INITIALLY DEFERRED;


--
-- Name: django_admin_log django_admin_log_user_id_c564eba6_fk_auth_user_id; Type: FK CONSTRAINT; Schema: public; Owner: dom974
--

ALTER TABLE ONLY public.django_admin_log
    ADD CONSTRAINT django_admin_log_user_id_c564eba6_fk_auth_user_id FOREIGN KEY (user_id) REFERENCES public.auth_user(id) DEFERRABLE INITIALLY DEFERRED;


--
-- PostgreSQL database dump complete
--

\unrestrict eiHqBmvabSVbaxw69fZTt88dl9haZbZLczdBmwW2QYB9bhDmHCrXZHnHokVMlLO

